{
  "apocalypse.mp3": {
    "filename": "apocalypse.mp3",
    "centroid": 51.094852,
    "spread": 39.858997,
    "band_percentages": [
      0.0,
      0.31227988,
      69.09567,
      10.283334,
      10.283334,
      8.653871,
      0.8244918,
      0.227131,
      0.3198883
    ],
    "file_size": 4428906,
    "modified_time": 1746444835
  },
  "happy.mp3": {
    "filename": "happy.mp3",
    "centroid": 49.028126,
    "spread": 59.19686,
    "band_percentages": [
      0.0,
      0.38157088,
      33.242073,
      20.182886,
      20.182886,
      19.452803,
      2.8614078,
      0.7326257,
      2.963749
    ],
    "file_size": 3899975,
    "modified_time": 1706016145
  },
  "kiss-of-life.mp3": {
    "filename": "kiss-of-life.mp3",
    "centroid": 54.137684,
    "spread": 51.51044,
    "band_percentages": [
      0.0,
      0.75929123,
      42.619446,
      20.37511,
      20.37511,
      13.346004,
      1.1894368,
      0.401551,
      0.93405
    ],
    "file_size": 4196864,
    "modified_time": 1765596757
  },
  "sweet.mp3": {
    "filename": "sweet.mp3",
    "centroid": 56.377426,
    "spread": 47.446148,
    "band_percentages": [
      0.0,
      1.1019136,
      52.053116,
      18.762684,
      18.762684,
      7.2598457,
      0.5127695,
      0.48328003,
      1.0637075
    ],
    "file_size": 2625549,
    "modified_time": 1754361851
  },
  "show-me-how.mp3": {
    "filename": "show-me-how.mp3",
    "centroid": 53.968018,
    "spread": 42.959717,
    "band_percentages": [
      0.0,
      0.24907349,
      63.627857,
      13.799605,
      13.799605,
      8.006856,
      0.30749637,
      0.09161007,
      0.11789749
    ],
    "file_size": 3183649,
    "modified_time": 1723087658
  }
}