{
  "kiss-of-life.mp3": {
    "filename": "kiss-of-life.mp3",
    "centroid": 54.137684,
    "spread": 51.51044,
    "zero_crossing_rate": 26.992203,
    "band_percentages": [
      0.0,
      0.75929123,
      42.619446,
      20.37511,
      20.37511,
      13.346004,
      1.1894368,
      0.401551,
      0.93405
    ],
    "file_size": 4196864,
    "modified_time": 1765596757
  },
  "apocalypse.mp3": {
    "filename": "apocalypse.mp3",
    "centroid": 51.094852,
    "spread": 39.858997,
    "zero_crossing_rate": 16.619102,
    "band_percentages": [
      0.0,
      0.31227988,
      69.09567,
      10.283334,
      10.283334,
      8.653871,
      0.8244918,
      0.227131,
      0.3198883
    ],
    "file_size": 4428906,
    "modified_time": 1746444835
  },
  "sweet.mp3": {
    "filename": "sweet.mp3",
    "centroid": 56.377426,
    "spread": 47.446148,
    "zero_crossing_rate": 28.033882,
    "band_percentages": [
      0.0,
      1.1019136,
      52.053116,
      18.762684,
      18.762684,
      7.2598457,
      0.5127695,
      0.48328003,
      1.0637075
    ],
    "file_size": 2625549,
    "modified_time": 1754361851
  },
  "either_on_or_off.mp3": {
    "filename": "either_on_or_off.mp3",
    "centroid": 45.867767,
    "spread": 47.04251,
    "zero_crossing_rate": 36.366325,
    "band_percentages": [
      0.0,
      0.32749572,
      58.621292,
      10.286795,
      10.286795,
      13.94953,
      1.9145316,
      1.2222599,
      3.3913028
    ],
    "file_size": 2060041,
    "modified_time": 1734222852
  },
  "show-me-how.mp3": {
    "filename": "show-me-how.mp3",
    "centroid": 53.968018,
    "spread": 42.959717,
    "zero_crossing_rate": 13.912503,
    "band_percentages": [
      0.0,
      0.24907349,
      63.627857,
      13.799605,
      13.799605,
      8.006856,
      0.30749637,
      0.09161007,
      0.11789749
    ],
    "file_size": 3183649,
    "modified_time": 1723087658
  },
  "happy.mp3": {
    "filename": "happy.mp3",
    "centroid": 49.028126,
    "spread": 59.19686,
    "zero_crossing_rate": 51.618183,
    "band_percentages": [
      0.0,
      0.38157088,
      33.242073,
      20.182886,
      20.182886,
      19.452803,
      2.8614078,
      0.7326257,
      2.963749
    ],
    "file_size": 3899975,
    "modified_time": 1706016145
  },
  "nemo.mp3": {
    "filename": "nemo.mp3",
    "centroid": 39.802734,
    "spread": 51.185097,
    "zero_crossing_rate": 32.563717,
    "band_percentages": [
      0.0,
      22.722332,
      42.169567,
      7.4382825,
      7.4382825,
      15.307584,
      3.0448089,
      0.50900996,
      1.3701316
    ],
    "file_size": 2417295,
    "modified_time": 1730134267
  }
}